"product_name","revenue","rank"
Canon imageCLASS 2200 Advanced Copier,35699.9,1
Martin Yale Chadless Opener Electric Letter Opener,11825.902,2
GBC DocuBind TL300 Electric Binding System,10943.277,3
Hewlett Packard LaserJet 3310 Copier,9239.846,4
Samsung Galaxy Mega 6.3,9239.779,5
Cubify CubeX 3D Printer Triple Head Print,7999.98,6
Fellowes PB500 Electric Punch Plastic Comb Binding Machine with Manual Bind,7371.742,7
HON 5400 Series Task Chairs for Big and Tall,7220.0938,8
GBC DocuBind P400 Electric Binding System,7077.148,9
Lexmark MX611dhe Monochrome Laser Printer,5609.967,10
"3D Systems Cube Printer, 2nd Generation, Magenta",5199.96,11
Fellowes PB300 Plastic Comb Binding Machine,5043.87,12
Cubify CubeX 3D Printer Double Head Print,4799.984,13
Canon Imageclass D680 Copier / Fax,4759.9316,14
Adjustable Depth Letter/Legal Cart,4754.2515,15
Global Troy Executive Leather Low-Back Tilter,4659.1143,16
GBC DocuBind 300 Electric Binding Machine,4628.624,17
Hon 4070 Series Pagoda Armless Upholstered Stacking Chairs,4346.777,18
Samsung Galaxy S III - 16GB - pebble blue (T-Mobile),4129.882,19
Tennsco Single-Tier Lockers,4053.6719,20
Canon Image Class D660 Copier,3959.934,21
Tennsco 16-Compartment Lockers with Coat Rack,3887.34,22
Chromcraft Bull-Nose Wood Oval Conference Tables & Bases,3636.468,23
Canon PC1080F Personal Copier,3599.94,24
Polycom CX600 IP Phone VoIP phone,3599.4001,25
GBC DocuBind TL200 Manual Binding Machine,3583.68,26
Tennsco Double-Tier Lockers,3510.312,27
"Global Adaptabilites Bookcase, Cherry/Storm Gray Finish",3447.8398,28
Hon 5100 Series Wood Tables,3433.564,29
Hewlett-Packard Desktjet 6988DT Refurbished Printer,3404.5,30
Logitech P710e Mobile Speakerphone,3398.868,31
Bady BDG101FRU Card Printer,3359.958,32
Sanyo 2.5 Cubic Foot Mid-Size Office Refrigerators,3357.72,33
Polycom SoundPoint IP 450 VoIP phone,3342.728,34
Global Commerce Series Low-Back Swivel/Tilt Chairs,3340.74,35
Plantronics CS510 - Over-the-Head monaural Wireless Headset System,3299.5,36
Wilson Electronics DB Pro Signal Booster,3293.6,37
Bretford Rectangular Conference Table Tops,3253.5244,38
Global Ergonomic Managers Chair,3130.9539,39
Samsung Galaxy S4 Mini,3101.934,40
"Global Leather and Oak Executive Chair, Black",3069.996,41
Google Nexus 5,3059.8298,42
Samsung Galaxy S4,3004.752,43
Bush Advantage Collection Racetrack Conference Table,2969.47,44
GE 30524EE4,2939.85,45
Razer Tiamat Over Ear 7.1 Surround Sound PC Gaming Headset,2799.86,46
Chromcraft Round Conference Tables,2788.64,47
Balt Solid Wood Round Tables,2768.238,48
Maxell iVDR EX 500GB Cartridge,2755.4,49
"Office Impressions End Table, 20-1/2""H x 24""W x 20""D",2733.8398,50
"3.6 Cubic Foot Counter Height Office Refrigerator",2710.504,51
Letter Size Cart,2685.768,52
Hon 94000 Series Round Tables,2665.62,53
Polycom VoiceStation 500 Conference phone,2595.56,54
Plantronics Savi W720 Multi-Device Wireless Headset System,2531.7002,55
GuestStacker Chair with Chrome Finish Legs,2527.9678,56
Hoover Shoulder Vac Commercial Portable Vacuum,2504.74,57
Hon GuestStacker Chair,2493.3699,58
ClearOne CHATAttach 160 - speaker phone,2479.96,59
DMI Arturo Collection Mission-style Design Wood Chair,2476.072,60
Apple iPhone 5,2469.354,61
Okidata MB491 Multifunction Printer,2395.2,62
Global Commerce Series High-Back Swivel/Tilt Chairs,2365.334,63
GBC DocuBind 200 Manual Binding Machine,2357.488,64
"Lifetime Advantage Folding Chairs, 4/Carton",2355.2642,65
"Riverside Furniture Oval Coffee Table, Oval End Table, End Table with Drawer",2352.1702,66
Hon 4700 Series Mobuis Mid-Back Task Chairs with Adjustable Arms,2349.468,67
"Chromcraft 48"" x 96"" Racetrack Double Pedestal Table",2340.6719,68
SAFCO Arco Folding Chair,2292.46,69
Ibico Hi-Tech Manual Binding System,2287.425,70
GBC ProClick 150 Presentation Binding System,2275.056,71
O'Sullivan 4-Shelf Bookcase in Odessa Pine,2256.2769,72
Logitech diNovo Edge Keyboard,2249.91,73
Deluxe Rollaway Locking File with Drawer,2245.752,74
Ibico Ibimaster 300 Manual Binding System,2207.94,75
"Acco 7-Outlet Masterpiece Power Center, Wihtout Fax/Phone Line Protection",2188.44,76
Kensington 7 Outlet MasterPiece HOMEOFFICE Power Control Center,2176.592,77
SAFCO Boltless Steel Shelving,2159.16,78
WD My Passport Ultra 2TB Portable External Hard Drive,2142.0,79
Logitech G19 Programmable Gaming Keyboard,2107.83,80
Fellowes Stor/Drawer Steel Plus Storage Drawers,2099.46,81
"Bevis Oval Conference Table, Walnut",2087.84,82
Hon Multipurpose Stacking Arm Chairs,2079.3599,83
Luxo Professional Fluorescent Magnifier Lamp with Clamp-Mount Base,2056.432,84
Hon Pagoda Stacking Chairs,2054.272,85
Bretford CR4500 Series Slim Rectangular Table,2019.6179,86
Office Impressions Heavy Duty Welded Shelving & Multimedia Storage Drawers,2007.24,87
Avanti 4.4 Cu. Ft. Refrigerator,1990.78,88
"Bush Andora Bookcase, Maple/Graphite Gray Finish",1961.8367,89
Wilson SignalBoost 841262 DB PRO Amplifier Kit,1943.73,90
Samsung Galaxy Note 2,1931.958,91
Iceberg Mobile Mega Data/Printer Cart,1925.28,92
Honeywell Enviracaire Portable HEPA Air Cleaner for 17' x 22' Room,1924.16,93
Ibico EPK-21 Electric Binding System,1889.99,94
"Global Wood Trimmed Manager's Task Chair, Khaki",1865.09,95
"Hon Deluxe Fabric Upholstered Stacking Chairs, Rounded Back",1854.2479,96
"Lesro Sheffield Collection Coffee Table, End Table, Center Table, Corner Table",1784.25,97
"24 Capacity Maxi Data Binder Racks, Pearl",1768.62,98
"Dual Level, Single-Width Filing Carts",1767.6841,99
Aastra 6757i CT Wireless VoIP phone,1723.52,100
Imation Bio 2GB USB Flash Drive Imation Corp,1705.34,101
Fellowes Powershred HS-440 4-Sheet High Security Shredder,1704.89,102
Bretford “Just In Time” Height-Adjustable Multi-Task Work Tables,1669.6,103
Toshiba IPT2010-SD IP Telephone,1667.8801,104
Logitech Z-906 Speaker sys - home theater - 5.1-CH,1649.95,105
Mitel MiVoice 5330e IP Phone,1649.9401,106
"Atlantic Metals Mobile 5-Shelf Bookcases, Custom Colors",1649.3704,107
"Sanyo Counter Height Refrigerator with Crisper, 3.6 Cubic Foot, Stainless Steel/Black",1640.7,108
"Tenex 46"" x 60"" Computer Anti-Static Chairmat, Rectangular Shaped",1632.0919,109
Nortel Networks T7316 E Nt8 B27,1631.76,110
O'Sullivan 2-Door Barrister Bookcase in Odessa Pine,1628.82,111
Motorola L703CM,1622.296,112
Standard Rollaway File with Lock,1621.71,113
Fellowes Officeware Wire Shelving,1616.94,114
"Bush Cubix Conference Tables, Fully Assembled",1616.86,115
Global Comet Stacking Armless Chair,1614.87,116
Global Executive Mid-Back Manager's Chair,1571.292,117
Plantronics Calisto P620-M USB Wireless Speakerphone System,1567.9199,118
"Deflect-o RollaMat Studded, Beveled Mat for Medium Pile Carpeting",1549.464,119
"Global Airflow Leather Mesh Back Chair, Black",1539.996,120
Plantronics Audio 995 Wireless Stereo Headset,1539.3,121
Bevis 36 x 72 Conference Tables,1518.778,122
"Fellowes Mobile File Cart, Black",1517.192,123
Avanti 1.7 Cu. Ft. Refrigerator,1514.7,124
"Hon Practical Foundations 30 x 60 Training Table, Light Gray/Charcoal",1501.83,125
"Riverside Palais Royal Lawyers Bookcase, Royale Cherry Finish",1497.666,126
Imation Bio 8GB USB Flash Drive Imation Corp,1496.16,127
BoxOffice By Design Rectangular and Half-Moon Meeting Room Tables,1487.5,128
"Ativa D5772 2-Line 5.8GHz Digital Expandable Corded/Cordless Phone System with Answering & Caller ID/Call Waiting, Black/Silver",1484.91,129
"Bevis Round Conference Table Top, X-Base",1470.178,130
Aastra 57i VoIP phone,1454.49,131
Polycom VVX 310 VoIP phone,1439.92,132
"Chromcraft Bull-Nose Wood Round Conference Table Top, Wood Base",1437.81,133
Office Star - Professional Matrix Back Chair with 2-to-1 Synchro Tilt and Mesh Fabric Seat,1403.92,134
KI Adjustable-Height Table,1401.4741,135
Motorola Moto X,1359.96,136
Fellowes Staxonsteel Drawer Files,1352.19,137
Hon 2090 “Pillow Soft” Series Mid Back Swivel/Tilt Chairs,1348.704,138
Safco Contoured Stacking Chairs,1335.04,139
Logitech Wireless Headset h800,1319.8679,140
Nokia Lumia 925,1310.296,141
Premier Electric Letter Opener,1274.46,142
"Office Star - Contemporary Task Swivel chair with Loop Arms, Charcoal",1270.5059,143
Eldon Antistatic Chair Mats for Low to Medium Pile Carpets,1263.48,144
Nortel Meridian M3904 Professional Digital phone,1262.718,145
Hewlett Packard 310 Color Digital Copier,1259.958,146
Apple iPhone 5S,1253.978,147
Kensington 7 Outlet MasterPiece Power Center,1245.86,148
"Situations Contoured Folding Chairs, 4/Set",1213.7579,149
Global Deluxe High-Back Manager's Chair,1201.116,150
Sharp AL-1530CS Digital Copier,1199.976,151
Xerox 1915,1195.29,152
Jabra SPEAK 410 Multidevice Speakerphone,1194.7421,153
"Atlantic Metals Mobile 4-Shelf Bookcases, Custom Colors",1194.165,154
"Global High-Back Leather Tilter, Burgundy",1180.704,155
Pyle PMP37LED,1171.078,156
GBC DocuBind P100 Manual Binding Machine,1161.86,157
Office Star - Mid Back Dual function Ergonomic High Back Chair with 2-Way Adjustable Arms,1159.056,158
Hoover Upright Vacuum With Dirt Cup,1158.12,159
"Hot File 7-Pocket, Floor Stand",1142.208,160
Office Star - Contemporary Swivel Chair with Padded Adjustable Arms and Flex Back,1141.938,161
"Tennsco Stur-D-Stor Boltless Shelving, 5 Shelves, 24"" Deep, Sand",1136.604,162
Global Leather Executive Chair,1123.168,163
Geemarc AmpliPOWER60,1113.6,164
Vtech CS6719,1113.484,165
Jawbone MINI JAMBOX Wireless Bluetooth Speaker,1095.8401,166
"3M Polarizing Task Lamp with Clamp Arm, Light Gray",1095.84,167
Hoover WindTunnel Plus Canister Vacuum,1089.75,168
Global Super Steno Chair,1084.574,169
"Bush Westfield Collection Bookcases, Fully Assembled",1074.4272,170
"Global Fabric Manager's Chair, Dark Gray",1070.388,171
Hon 2111 Invitation Series Straight Table,1064.376,172
Fellowes High-Stak Drawer Files,1057.14,173
"O'Sullivan Elevations Bookcase, Cherry Finish",1054.3889,174
"SAFCO PlanMaster Heigh-Adjustable Drafting Table Base, 43w x 30d x 30-37h, Black",1048.35,175
Chromcraft Rectangular Conference Tables,1042.6681,176
"3D Systems Cube Printer, 2nd Generation, White",1039.992,177
O'Sullivan Manor Hill 2-Door Library in Brianna Oak,1031.5859,178
Easy-staple paper,1026.0759,179
"Dot Matrix Printer Tape Reel Labels, White, 5000/Box",1022.42395,180
Fellowes PB200 Plastic Comb Binding Machine,1019.94,181
"Trav-L-File Heavy-Duty Shuttle II, Black",1010.82404,182
Xerox 1908,1007.64,183
Fellowes Bankers Box Staxonsteel Drawer File/Stacking System,1000.692,184
Panasonic KX-TG9541B DECT 6.0 Digital 2-Line Expandable Cordless Phone With Digital Answering System,989.934,185
Kensington Expert Mouse Optical USB Trackball for PC or Mac,987.896,186
Office Star - Mesh Screen back chair with Vinyl seat,982.35,187
Hon Every-Day Series Multi-Task Chairs,977.496,188
Logitech G13 Programmable Gameboard with LCD Display,975.87805,189
Ibico EB-19 Dual Function Manual Binding System,968.744,190
"SAFCO PlanMaster Boards, 60w x 37-1/2d, White Melamine",942.338,191
Satellite Sectional Post Binders,941.997,192
"Bevis Round Bullnose 29"" High Table Top",934.956,193
"Bevis Traditional Conference Table Top, Plinth Base",933.408,194
Hoover Commercial Lightweight Upright Vacuum with E-Z Empty Dirt Cup,930.32,195
Canon PC-428 Personal Copier,919.954,196
"1.7 Cubic Foot Compact ""Cube"" Office Refrigerators",915.90405,197
Compact Automatic Electric Letter Opener,906.756,198
"Gould Plastics 18-Pocket Panel Bin, 34w x 5-1/4d x 20-1/2h",901.502,199
Hewlett Packard 610 Color Digital Copier / Printer,899.982,200
Sensible Storage WireTech Storage Systems,894.34796,201
ClearOne Communications CHAT 70 OC Speaker Phone,890.344,202
"Bush Westfield Collection Bookcases, Medium Cherry Finish",887.67377,203
Global Comet Stacking Arm Chair,887.271,204
Sharp 1540cs Digital Laser Copier,879.984,205
Logitech G700s Rechargeable Gaming Mouse,879.912,206
Digium D40 VoIP phone,877.1321,207
Panasonic KX-TG9471B,862.356,208
"Global Leather Task Chair, Black",854.90497,209
Hon Deluxe Fabric Upholstered Stacking Chairs,853.93,210
"Tenex Traditional Chairmats for Medium Pile Carpet, Standard Lip, 36"" x 48""",849.1,211
Xerox 1888,843.296,212
Xerox 189,838.8,213
Safco Industrial Wire Shelving System,837.016,214
"Bush Birmingham Collection Bookcase, Dark Cherry",825.174,215
Bevis 44 x 96 Conference Tables,823.6,216
Bevis Round Conference Table Top & Single Column Base,819.504,217
Global Deluxe Steno Chair,815.988,218
Tennsco Regal Shelving Units,811.28,219
Blue Parrot B250XT Professional Grade Wireless Bluetooth Headset with,809.89197,220
Carina Double Wide Media Storage Towers in Natural & Black,809.8,221
Xerox 1919,803.40405,222
Executive Impressions Supervisor Wall Clock,799.89996,223
"GE 48"" Fluorescent Tube, Cool White Energy Saver, 34 Watts, 30/Box",793.84,224
GBC DocuBind P50 Personal Binding Machine,793.352,225
Global Low Back Tilter Chair,787.644,226
"Atlantic Metals Mobile 3-Shelf Bookcases, Custom Colors",782.94,227
"Hon Metal Bookcases, Putty",780.78,228
Logitech Wireless Performance Mouse MX for PC and Mac,779.922,229
Logitech Illuminated - Keyboard,779.87006,230
Hon Valutask Swivel Chairs,777.546,231
"Carina Mini System Audio Rack, Model AR050B",776.86,232
Nortel Meridian M5316 Digital phone,776.85,233
Space Solutions Commercial Steel Shelving,775.8,234
"Tenex ""The Solids"" Textured Chair Mats",769.56,235
Xerox 1891,762.996,236
"Plantronics CS 50-USB - headset - Convertible, Monaural",761.544,237
GBC Ibimaster 500 Manual ProClick Binding System,760.98,238
AT&T 841000 Phone,759.0,239
Bush Advantage Collection Round Conference Table,744.1,240
Tripp Lite Isotel 6 Outlet Surge Protector with Fax/Modem Protection,743.834,241
Harbour Creations 67200 Series Stacking Chairs,740.272,242
Multicolor Computer Printout Paper,733.94995,243
O'Sullivan Plantations 2-Door Library in Landvery Oak,731.5672,244
"Eureka The Boss Lite 10-Amp Upright Vacuum, Blue",721.44,245
Logitech G430 Surround Sound Gaming Headset with Dolby 7.1 Technology,719.91003,246
"Bush Andora Conference Table, Maple/Graphite Gray Finish",718.116,247
GBC Recycled Regency Composition Covers,717.36,248
Panasonic KX-TG6844B Expandable Digital Cordless Telephone,712.692,249
"Sauder Mission Library with Doors, Fruitwood Finish",712.5312,250
Imation Secure+ Hardware Encrypted USB 2.0 Flash Drive; 16GB,700.704,251
Office Star Flex Back Scooter Chair with Aluminum Finish Frame,696.141,252
Cisco CP-7937G Unified IP Conference Station Phone,695.7,253
Plantronics S12 Corded Telephone Headset System,689.856,254
Space Solutions HD Industrial Steel Shelving.,689.82,255
Xerox 1917,684.74,256
Hon Mobius Operator's Chair,664.146,257
Xerox 1893,664.03796,258
Kensington 7 Outlet MasterPiece Power Center with Fax/Phone Line Protection,663.936,259
"Bush Cubix Collection Bookcases, Fully Assembled",662.94,260
Logitech Wireless Marathon Mouse M705,659.86804,261
SanDisk Cruzer 64 GB USB Flash Drive,653.76,262
Epson TM-T88V Direct Thermal Printer - Monochrome - Desktop,652.995,263
Okidata C610n Printer,649.0,264
Belkin 8 Outlet SurgeMaster II Gold Surge Protector with Phone Protection,647.84,265
iHome FM Clock Radio with Lightning Dock,643.90796,266
"Sauder Camden County Collection Libraries, Planked Cherry Finish",643.888,267
"Eaton Premium Continuous-Feed Paper, 25% Cotton, Letter Size, White, 1000 Shts/Box",643.56805,268
Tripp Lite Isotel 8 Ultra 8 Outlet Metal Surge,638.73,269
Green Bar Computer Printout Paper,637.536,270
"Advantus 10-Drawer Portable Organizer, Chrome Metal Frame, Smoke Drawers",633.456,271
APC 7 Outlet Network SurgeArrest Surge Protector,627.744,272
LG G3,627.168,273
Premier Automatic Letter Opener,624.96204,274
Belkin 5 Outlet SurgeMaster Power Centers,621.072,275
O'Sullivan Living Dimensions 2-Shelf Bookcases,616.998,276
"Belkin 325VA UPS Surge Protector, 6'",604.9,277
Mitel 5320 IP Phone VoIP phone,604.768,278
"Howard Miller 11-1/2"" Diameter Brentwood Wall Clock",603.82,279
SAFCO Folding Chair Trolley,602.728,280
Lexmark 20R1285 X6650 Wireless All-in-One Printer,600.0,281
Swingline SM12-08 MicroCut Jam Free Shredder,599.985,282
GBC VeloBinder Manual Binding System,597.434,283
Hewlett-Packard Deskjet 5550 Printer,597.132,284
Economy Rollaway Files,594.72,285
Avaya 5420 Digital phone,593.95605,286
"Recycled Data-Pak for Archival Bound Computer Printouts, 12-1/2 x 12-1/2 x 16",592.74,287
Microsoft Wireless Mobile Mouse 4000,591.852,288
GBC Therma-A-Bind 250T Electric Binding System,590.352,289
Carina Media Storage Towers in Natural & Black,585.408,290
"Global Geo Office Task Chair, Gray",583.05597,291
Fellowes Super Stor/Drawer Files,581.58,292
Xerox 1906,581.21594,293
Office Star - Ergonomic Mid Back Chair with 2-Way Adjustable Arms,579.136,294
AT&T CL83451 4-Handset Telephone,576.77203,295
Bevis Boat-Shaped Conference Table,576.64197,296
DYMO CardScan Personal V9 Business Card Scanner,575.964,297
Sony 64GB Class 10 Micro SDHC R40 Memory Card,575.84,298
Global Enterprise Series Seating High-Back Swivel/Tilt Chairs,569.058,299
Panasonic Business Telephones KX-T7736,546.06,300
Plantronics Voyager Pro HD - Bluetooth Headset,545.916,301
Hon 4-Shelf Metal Bookcases,545.292,302
Kensington 4 Outlet MasterPiece Compact Power Control Center,536.71204,303
Motorola HK250 Universal Bluetooth Headset,533.36804,304
StarTech.com 10/100 VDSL2 Ethernet Extender Kit,532.72,305
Fellowes 8 Outlet Superior Workstation Surge Protector w/o Phone/Fax/Modem Protection,531.19604,306
Tennsco 6- and 18-Compartment Lockers,530.34,307
Razer Kraken PRO Over Ear PC and Music Headset,527.934,308
Novimex Fabric Task Chair,524.428,309
AT&T 1080 Corded phone,520.562,310
Luxo Professional Magnifying Clamp-On Fluorescent Lamps,520.05,311
Microsoft Sculpt Comfort Mouse,519.35,312
Xerox 1945,516.474,313
Recycled Steel Personal File for Hanging File Folders,515.07,314
Hon Comfortask Task/Swivel Chairs,512.91003,315
GBC Twin Loop Wire Binding Elements,512.51196,316
BPI Conference Tables,511.175,317
Novimex Turbo Task Chair,511.05603,318
Grandstream GXP1160 VoIP phone,507.994,319
Socket Bluetooth Cordless Hand Scanner (CHS),506.28,320
Xerox 1940,505.63202,321
Adtran 1202752G1,503.96002,322
VTech DS6151,503.96,323
BlackBerry Q10,503.96,323
"Padded Folding Chairs, Black, 4/Carton",502.07602,325
Bestar Classic Bookcase,499.94998,326
Cisco SPA301,499.168,327
Belkin Premiere Surge Master II 8-outlet surge protector,495.516,328
High-Back Leather Manager's Chair,493.962,329
"Hunt PowerHouse Electric Pencil Sharpener, Blue",493.74002,330
Global Highback Leather Tilter in Burgundy,491.346,331
Eureka The Boss Cordless Rechargeable Stick Vac,489.408,332
Office Star - Contemporary Task Swivel Chair,488.31198,333
"Safco Value Mate Steel Bookcase, Baked Enamel Finish on Steel, Black",482.664,334
Xerox 1885,480.4,335
Brother DCP1000 Digital 3 in 1 Multifunction Machine,479.984,336
Logitech G600 MMO Gaming Mouse,479.94,337
Kensington Orbit Wireless Mobile Trackball for PC and Mac,479.92,338
Global Deluxe Office Fabric Chairs,479.9,339
"Electrix Architect's Clamp-On Swing Arm Lamp, Black",477.3,340
Logitech G105 Gaming Keyboard,474.96002,341
"Belkin 19"" Vented Equipment Shelf, Black",473.616,342
"Wilson Jones Ledger-Size, Piano-Hinge Binder, 2"", Blue",467.172,343
Harbour Creations Steel Folding Chair,465.75,344
Plantronics 81402,461.93,345
Anker Ultrathin Bluetooth Wireless Keyboard Aluminum Cover with Stand,461.846,346
KI Conference Tables,460.785,347
Maxell 4.7GB DVD-R,459.75598,348
Logitech Desktop MK120 Mouse and keyboard Combo,458.08002,349
Jabra Supreme Plus Driver Edition Headset,455.962,350
Imation Secure Drive + Hardware Encrypted USB flash drive - 16 GB,455.88,351
Konftel 250 Conference phone - Charcoal black,455.712,352
"TRENDnet 56K USB 2.0 Phone, Internet and Fax Modem",455.664,353
"Carina 42""Hx23 3/4""W Media Storage Unit",453.48798,354
"Iceberg OfficeWorks 42"" Round Tables",452.94,355
"Global Leather & Oak Executive Chair, Burgundy",452.66998,356
"HP Officejet Pro 8600 e-All-In-One Printer, Copier, Scanner, Fax",449.96997,357
Plantronics Audio 478 Stereo USB Headset,449.91,358
Xerox 191,447.55197,359
Bush Mission Pointe Library,446.9008,360
Bush Somerset Collection Bookcase,445.33197,361
Nortel Business Series Terminal T7208 Digital phone,444.768,362
First Data FD10 PIN Pad,442.4,363
"SAFCO Commercial Wire Shelving, Black",442.048,364
Motorola L804,441.504,365
Hunt Boston Vacuum Mount KS Pencil Sharpener,440.87402,366
Tops White Computer Printout Paper,440.19,367
Wi-Ex zBoost YX540 Cellular Phone Signal Booster,437.85,368
"Sauder Facets Collection Library, Sky Alder Finish",435.999,369
Clarity 53712,435.534,370
Global Deluxe High-Back Office Chair in Storm,435.168,371
Vinyl Sectional Post Binders,433.55,372
Fellowes Bases and Tops For Staxonsteel/High-Stak Systems,432.77002,373
Xerox 1909,432.632,374
Cisco 8x8 Inc. 6753i IP Business Phone System,431.968,375
Mophie Juice Pack Helium for iPhone,431.94598,376
"Avery 4027 File Folder Labels for Dot Matrix Printers, 5000 Labels per Box, White",427.41998,377
"File Shuttle II and Handi-File, Black",427.014,378
Steel Personal Filing/Posting Tote,426.12,379
Hon Olson Stacker Chairs,423.648,380
Novimex Swivel Fabric Task Chair,422.744,381
Fellowes Bankers Box Stor/Drawer Steel Plus,422.136,382
Bionaire Personal Warm Mist Humidifier/Vaporizer,422.01,383
Panasonic KX T7736-B Digital phone,419.86,384
"Office Star - Contemporary Task Swivel chair with 2-way adjustable arms, Plum",419.136,385
Safco Industrial Shelving,413.56003,386
"SAFCO Mobile Desk Side File, Wire Frame",410.49597,387
O'Sullivan 3-Shelf Heavy-Duty Bookcases,409.88702,388
"Howard Miller 14-1/2"" Diameter Chrome Round Wall Clock",409.216,389
Luxo Professional Combination Clamp-On Lamps,409.2,390
OtterBox Defender Series Case - Samsung Galaxy S4,407.864,391
Jabra BIZ 2300 Duo QD Duo Corded Headset,406.368,392
Tenex B1-RE Series Chair Mats for Low Pile Carpets,404.624,393
"Lesro Round Back Collection Coffee Table, End Table",401.61002,394
DMI Eclipse Executive Suite Bookcases,400.784,395
Logitech MX Performance Wireless Mouse,398.9,396
Logitech ClearChat Comfort/USB Headset H390,398.344,397
Novimex High-Tech Fabric Mesh Task Chair,397.488,398
Panasonic KX TS3282B Corded phone,393.552,399
Panasonic KX TS208W Corded phone,391.92,400
"Fellowes Premier Superior Surge Suppressor, 10-Outlet, With Phone and Remote",391.36,401
Binding Machine Supplies,390.878,402
Enermax Aurora Lite Keyboard,390.75,403
Premium Transparent Presentation Covers by GBC,390.228,404
Logitech G35 7.1-Channel Surround Sound Headset,389.97,405
Boston 1799 Powerhouse Electric Pencil Sharpener,389.7,406
Electrix Halogen Magnifier Lamp,388.6,407
Office Star Flex Back Scooter Chair with White Frame,388.43,408
Cisco Desktop Collaboration Experience DX650 IP Video Phone,385.8,409
Boston Heavy-Duty Trimline Electric Pencil Sharpeners,385.6,410
Logitech Wireless Gaming Headset G930,383.976,411
Safco Industrial Wire Shelving,383.96002,412
Cisco SPA 502G IP Phone,383.84,413
Ricoh - Ink Collector Unit for GX3000 Series Printers,381.745,414
Avery Arch Ring Binders,377.65002,415
"Eureka The Boss Plus 12-Amp Hard Box Upright Vacuum, Red",376.74,416
"Global Value Steno Chair, Gray",376.588,417
Sony Micro Vault Click 8 GB USB 2.0 Flash Drive,375.91998,418
Xerox 1934,369.468,419
Safco Drafting Table,369.096,420
Safco Steel Mobile File Cart,366.784,421
"Tenex Contemporary Contur Chairmats for Low and Medium Pile Carpet, Computer, 39"" x 49""",365.602,422
Imation 16GB Mini TravelDrive USB 2.0 Flash Drive,364.43,423
"Howard Miller 13-3/4"" Diameter Brushed Chrome Round Wall Clock",362.25,424
NETGEAR N750 Dual Band Wi-Fi Gigabit Router,360.0,425
"Sauder Forest Hills Library, Woodland Oak Finish",359.499,426
Bose SoundLink Bluetooth Speaker,358.2,427
Logitech Gaming G510s - Keyboard,356.95798,428
Tripp Lite TLP810NET Broadband Surge for Modem/Fax,356.79,429
"Leather Task Chair, Black",354.82202,430
Hypercom P1300 Pinpad,352.8,431
Xerox 1916,352.36798,432
Boston 1645 Deluxe Heavier-Duty Electric Pencil Sharpener,351.84,433
Eldon Radial Chair Mat for Low to Medium Pile Carpets,351.82397,434
I.R.I.S IRISCard Anywhere 5 Card Scanner,350.973,435
Bevis Rectangular Conference Tables,350.352,436
Logitech Media Keyboard K200,349.90002,437
GE 30522EE2,347.97,438
Howard Miller Distant Time Traveler Alarm Clock,345.492,439
Enermax Briskie RF Wireless Keyboard and Mouse Combo,344.78198,440
Riverside Furniture Stanwyck Manor Table Series,344.22,441
Okidata B400 Printer,343.2,442
Hon 61000 Series Interactive Training Tables,342.11096,443
Tenex Antistatic Computer Chair Mats,341.96,444
Plantronics Encore H101 Dual Earpieces Headset,341.62,445
"Global Armless Task Chair, Royal Blue",341.48798,446
Staple envelope,341.44397,447
Wasp CCD Handheld Bar Code Reader,336.51,448
Xerox 1941,335.52,449
Fellowes Recycled Storage Drawers,333.09,450
Memorex Micro Travel Drive 16 GB,332.592,451
Rush Hierlooms Collection Rich Wood Bookcases,328.3992,452
"Atlantic Metals Mobile 2-Shelf Bookcases, Custom Colors",327.7328,453
Dexim XPower Skin Super-Thin Power Case for iPhone 5 - Black,327.544,454
"14-7/8 x 11 Blue Bar Computer Printout Paper",326.672,455
Multimedia Mailers,325.86,456
O'Sullivan 2-Shelf Heavy-Duty Bookcases,325.486,457
Motorla HX550 Universal Bluetooth Headset,324.31,458
Belkin 8 Outlet SurgeMaster II Gold Surge Protector,323.892,459
GBC Prestige Therm-A-Bind Covers,322.514,460
Xerox 1939,322.49,461
"Global Leather Highback Executive Chair with Pneumatic Height Adjustment, Black",321.568,462
Logitech G602 Wireless Gaming Mouse,319.96,463
Fellowes Superior 10 Outlet Split Surge Protector,319.704,464
"Avery Trapezoid Ring Binder, 3"" Capacity, Black, 1040 sheets",319.644,465
Memorex Mini Travel Drive 16 GB USB 2.0 Flash Drive,319.4,466
Logitech Wireless Touch Keyboard K400,314.87402,467
Honeywell Quietcare HEPA Air Cleaner,314.6,468
Ibico Plastic Spiral Binding Combs,313.12,469
Fellowes Basic Home/Office Series Surge Protectors,311.52002,470
GBC ProClick Punch Binding System,307.104,471
Staples in misc. colors,307.036,472
Flat Face Poster Frame,305.208,473
"Global Value Mid-Back Manager's Chair, Gray",304.45,474
"Howard Miller 13-1/2"" Diameter Rosebrook Wall Clock",302.588,475
GBC Premium Transparent Covers with Diagonal Lined Pattern,302.112,476
Razer Kraken 7.1 Surround Sound Over Ear USB Gaming Headset,299.97,477
Microsoft Natural Ergonomic Keyboard 4000,299.9,478
SanDisk Ultra 64 GB MicroSDHC Class 10 Memory Card,295.926,479
"Howard Miller 13"" Diameter Goldtone Round Wall Clock",291.02798,480
Global Chrome Stack Chair,287.952,481
"White Dual Perf Computer Printout Paper, 2700 Sheets, 1 Part, Heavyweight, 20 lbs., 14 7/8 x 11",286.93,482
Belkin 8 Outlet Surge Protector,286.86,483
Polycom SoundPoint Pro SE-225 Corded phone,285.576,484
Eldon Portable Mobile Manager,282.8,485
Jabra SPEAK 410,281.97,486
"Advantus Employee of the Month Certificate Frame, 11 x 13-1/2",278.37,487
Home/Office Personal File Carts,278.08002,488
Belkin 8-Outlet Premiere SurgeMaster II Surge Protectors,277.92,489
Xerox 1913,277.4,490
Logitech 910-002974 M325 Wireless Mouse for Web Scrolling,275.908,491
Xerox 1914,274.8,492
Xerox 1942,274.064,493
Tennsco Industrial Shelving,273.896,494
Hon Rectangular Conference Tables,273.06,495
Fellowes Command Center 5-outlet power strip,271.36,496
Eldon Advantage Foldable Chair Mats for Low Pile Carpets,271.0,497
"DataProducts Ampli Magnifier Task Lamp, Black,",270.6,498
"GBC Velobind Prepunched Cover Sets, Regency Series",269.954,499
"Sortfiler Multipurpose Personal File Organizer, Black",269.51398,500
Xerox 1937,269.024,501
Airmail Envelopes,268.576,502
Xerox 1938,268.24,503
Tensor Track Tree Floor Lamp,267.866,504
"Rubbermaid ClusterMat Chairmats, Mat Size- 66"" x 60"", Lip 20"" x 11"" -90 Degree Angle",266.352,505
Panasonic KP-380BK Classic Electric Pencil Sharpener,266.25198,506
Tennsco Commercial Shelving,264.41998,507
"Companion Letter/Legal File, Black",264.32,508
"Multi-Use Personal File Cart and Caster Set, Three Stacking Bins",264.176,509
"Mini 13-1/2 Capacity Data Binder Rack, Pearl",261.74,510
"Eldon Executive Woodline II Desk Accessories, Mahogany",261.352,511
Xerox 1988,260.232,512
Cisco IP Phone 7961G-GE VoIP phone,259.896,513
Imation 8GB Mini TravelDrive USB 2.0 Flash Drive,259.634,514
Office Star - Ergonomically Designed Knee Chair,259.13602,515
"Sauder Forest Hills Library with Doors, Woodland Oak Finish",257.568,516
Sony Micro Vault Click 16 GB USB 2.0 Flash Drive,257.55402,517
Eldon Gobal File Keepers,257.38,518
"12-1/2 Diameter Round Wall Clock",255.744,519
"Global Stack Chair without Arms, Black",254.604,520
Avery 505,254.56,521
Hon Every-Day Chair Series Swivel Task Chairs,254.058,522
Memorex Froggy Flash Drive 8 GB,252.04999,523
"Tyvek  Top-Opening Peel & Seel  Envelopes, Gray",251.58,524
Belkin F9M820V08 8 Outlet Surge,249.284,525
Jensen SMPS-640 - speaker phone,248.29199,526
Panasonic KX - TS880B Telephone,247.32,527
Bulldog Vacuum Base Pencil Sharpener,246.994,528
Maxell LTO Ultrium - 800 GB,246.31201,529
Prismacolor Color Pencil Set,246.016,530
"Neat Ideas Personal Hanging Folder Files, Black",244.426,531
Wilson Jones Heavy-Duty Casebound Ring Binders with Metal Hinges,242.48,532
"Sauder Camden County Barrister Bookcase, Planked Cherry Finish",241.96,533
GBC Recycled Grain Textured Covers,241.78,534
Lexmark MarkNet N8150 Wireless Print Server,241.17,535
Wilson Jones Century Plastic Molded Ring Binders,240.93199,536
HTC One,239.976,537
Case Logic 2.4GHz Wireless Keyboard,239.952,538
"Bush Heritage Pine Collection 5-Shelf Bookcase, Albany Pine Finish, *Special Order",239.666,539
SanDisk Ultra 32 GB MicroSDHC Class 10 Memory Card,238.68001,540
V7 USB Numeric Keypad,237.932,541
Cisco SPA508G,237.564,542
"Belkin 19"" Center-Weighted Shelf, Gray",235.92,543
Balt Split Level Computer Training Table,235.875,544
Staples,234.456,545
Ibico Recycled Linen-Style Covers,234.36,546
"SimpliFile Personal File, Black Granite, 15w x 6-15/16d x 11-1/4h",233.81001,547
"Iceberg Nesting Folding Chair, 19w x 6d x 43h",232.88,548
Bevis Steel Folding Chairs,230.28,549
"Global Task Chair, Black",229.005,550
"Acme 10"" Easy Grip Assistive Scissors",227.89001,551
"Conquest 14 Commercial Heavy-Duty Upright Vacuum, Collection System, Accessory Kit",227.84,552
Memorex Micro Travel Drive 32 GB,226.362,553
Hon Olson Stacker Stools,225.296,554
iOttie XL Car Mount,223.888,555
"Boston School Pro Electric Pencil Sharpener, 1670",223.056,556
Xerox 197,223.056,556
Nu-Dell Executive Frame,222.464,558
"Safco Wire Cube Shelving System, For Use as 4 or 5 14"" Cubes, Black",222.45999,559
Letter Size File,222.32,560
Recycled Steel Personal File for Standard File Folders,221.16,561
Sauder Barrister Bookcases,220.2656,562
Cisco SPA112 2 Port Phone Adapter,219.8,563
Logitech K350 2.4Ghz Wireless Keyboard,218.988,564
Staple holder,217.116,565
Logitech Mobile Speakerphone P710e - speaker phone,215.968,566
Griffin GC17055 Auxiliary Audio Cable,215.88,567
Catalog Binders with Expanding Posts,215.296,568
Logitech Wireless Headset H600 Over-The-Head Design,214.95,569
Stanley Bostitch Contemporary Electric Pencil Sharpeners,213.948,570
Imation 8gb Micro Traveldrive Usb 2.0 Flash Drive,213.0,571
"Hon Metal Bookcases, Black",212.94,572
"Logitech Wireless Boombox Speaker - portable - wireless, wired",212.8,573
Xerox 1882,212.724,574
DAX Natural Wood-Tone Poster Frame,211.84,575
Canvas Sectional Post Binders,211.318,576
Boston 16801 Nautilus Battery Pencil Sharpener,211.29599,577
Clearsounds A400,211.168,578
Balt Solid Wood Rectangular Table,210.98,579
Deflect-o DuraMat Antistatic Studded Beveled Mat for Medium Pile Carpeting,210.68,580
Hon Racetrack Conference Tables,210.008,581
"Maxell 74 Minute CDR, 10/Pack",209.29199,582
Tenex Chairmats For Use with Hard Floors,207.87201,583
Global Enterprise Series Seating Low-Back Swivel/Tilt Chairs,207.184,584
"Logitech B530 USB Headset - headset - Full size, Binaural",207.144,585
"Seth Thomas 12"" Clock w/ Goldtone Case",206.82,586
invisibleSHIELD by ZAGG Smudge-Free Screen Protector,205.086,587
Kensington 6 Outlet Guardian Standard Surge Protector,204.8,588
Black & Decker Filter for Double Action Dustbuster Cordless Vac BLDV7210,204.716,589
JBL Micro Wireless Portable Bluetooth Speaker,203.966,590
Nu-Dell Leatherette Frames,203.628,591
Kingston Digital DataTraveler 64GB USB 2.0,202.68,592
Ooma Telo VoIP Home Phone System,201.584,593
"Peel & Seel Recycled Catalog Envelopes, Brown",201.492,594
"Wilson Jones Elliptical Ring 3 1/2"" Capacity Binders, 800 sheets",201.16,595
GE DSL Phone Line Filter,199.95001,596
Sauder Cornerstone Collection Library,198.272,597
Panasonic KP-310 Heavy-Duty Electric Pencil Sharpener,197.82,598
Berol Giant Pencil Sharpener,197.084,599
"Avery Flip-Chart Easel Binder, Black",196.944,600
"Howard Miller 12"" Round Wall Clock",196.45,601
Tuf-Vin Binders,195.79599,602
"Career Cubicle Clock, 8 1/4"", Black",194.688,603
"Maxell Pro 80 Minute CD-R, 10/Pack",192.28,604
Xerox 1910,192.16,605
Xerox 1982,191.85599,606
Jackery Bar Premium Fast-charging Portable Charger,191.68,607
Computer Printout Paper with Letter-Trim Fine Perforations,191.6,608
"Deflect-o EconoMat Studded, No Bevel Mat for Low Pile Carpeting",190.07199,609
Xerox 1883,189.936,610
Harmony Air Purifier,189.0,611
"Safco Chair Connectors, 6/Carton",188.552,612
Anker 36W 4-Port USB Wall Charger Travel Power Adapter for iPhone 5s 5c 5,187.906,613
Logitech LS21 Speaker System - PC Multimedia - 2.1-CH - Wired,187.90599,614
Eldon Wave Desk Accessories,185.29599,615
"Performers Binder/Pad Holder, Black",184.998,616
Xerox 1935,184.66,617
Xerox 1884,183.81601,618
"Tyvek Interoffice Envelopes, 9 1/2"" x 12 1/2"", 100/Box",182.94,619
Sterilite Officeware Hinged File Box,182.352,620
"BOSTON Ranger #55 Pencil Sharpener, Black",181.93001,621
GBC Durable Plastic Covers,181.88998,622
Tyvek Side-Opening Peel & Seel Expanding Envelopes,180.96,623
"Fellowes Smart Surge Ten-Outlet Protector, Platinum",180.66,624
Xerox 19,179.68399,625
Adjustable Personal File Tote,179.08,626
Peel-Off China Markers,178.74,627
Strathmore Photo Mount Cards,177.636,628
Avery 475,177.6,629
Acco Smartsocket Color-Coded Six-Outlet AC Adapter Model Surge Protectors,176.04,630
Logitech M510 Wireless Mouse,175.956,631
OtterBox Commuter Series Case - iPhone 5 & 5s,175.91998,632
Rogers Deluxe File Chest,175.84,633
"Dixon Ticonderoga Core-Lock Colored Pencils, 48-Color Set",175.44,634
"Perixx PERIBOARD-512B, Ergonomic Split Keyboard",174.95,635
Nokia Lumia 521 (T-Mobile),173.942,636
Kensington K72356US Mouse-in-a-Box USB Desktop Mouse,172.536,637
"Howard Miller 13"" Diameter Pewter Finish Round Wall Clock",171.76001,638
GBC VeloBind Cover Sets,171.384,639
"Green Canvas Binder for 8-1/2"" x 14"" Sheets",171.2,640
Lock-Up Easel 'Spel-Binder',171.18,641
GBC VeloBinder Electric Binding Machine,169.372,642
Mobile Personal File Cube,168.624,643
Hoover Commercial SteamVac,168.392,644
netTALK DUO VoIP Telephone Service,167.968,645
Ames Color-File Green Diamond Border X-ray Mailers,167.96,646
Magnifier Swing Arm Lamp,167.84,647
"Avery Address/Shipping Labels for Typewriters, 4"" x 2""",167.67001,648
Spigen Samsung Galaxy S5 Case Wallet,166.502,649
WD My Passport Ultra 1TB Portable External Hard Drive,165.6,650
"9-3/4 Diameter Round Wall Clock",165.48,651
KeyTronic 6101 Series - Keyboard - Black,163.96,652
Tensor Computer Mounted Lamp,163.79,653
Office Star - Task Chair with Contemporary Loop Arms,163.764,654
Plantronics MX500i Earset,163.21,655
"Memorex 25GB 6X Branded Blu-Ray Recordable Disc, 15/Pack",163.104,656
"Contract Clock, 14"", Brown",162.65201,657
Innergie mMini Combo Duo USB Travel Charging Kit,161.964,658
Logitech Trackman Marble Mouse,161.946,659
Acco 6 Outlet Guardian Premium Plus Surge Suppressor,161.21599,660
Kingston Digital DataTraveler 16GB USB 2.0,161.1,661
RCA Visys Integrated PBX 8-Line Router,160.776,662
Xerox 1968,160.31999,663
NETGEAR AC1750 Dual Band Gigabit Smart WiFi Router,159.99,664
"Memorex 25GB 6X Branded Blu-Ray Recordable Disc, 30/Pack",159.75,665
"Rediform S.O.S. 1-Up Phone Message Bk, 4-1/4x3-1/16 Bk, 1 Form/Pg, 40 Messages/Bk, 3/Pk",159.46,666
Samsung Rugby III,158.376,667
Safco Commercial Shelving,158.134,668
SanDisk Cruzer 32 GB USB Flash Drive,155.964,669
"3M Office Air Cleaner",155.88,670
X-Rack File for Hanging Folders,155.802,671
Cisco SPA525G2 IP Phone - Wireless,155.61,672
"Deflect-o EconoMat Nonstudded, No Bevel Mat",154.95,673
"Decoflex Hanging Personal Folder File, Blue",154.2,674
Eldon Fold 'N Roll Cart System,153.78,675
"Global Deluxe Stacking Chair, Gray",152.94,676
"Acco Flexible ACCOHIDE Square Ring Data Binder, Dark Blue, 11 1/2"" X 14"" 7/8""",152.93799,677
"Belkin SportFit Armband For iPhone 5s/5c, Fuchsia",152.898,678
Kingston Digital DataTraveler 32GB USB 2.0,152.55002,679
"Holmes Replacement Filter for HEPA Air Cleaner, Very Large Room, HEPA Filter",151.38199,680
AT&T CL2909,151.188,681
"Tennsco Lockers, Sand",151.056,682
Newell 34,150.784,683
Recycled Easel Ring Binders,150.692,684
Iris Project Case,148.42801,685
Electrix Fluorescent Magnifier Lamps & Weighted Base,148.02,686
Acme Galleria Hot Forged Steel Scissors with Colored Handles,147.862,687
Panasonic Kx-TS550,147.168,688
Xerox 1890,146.82,689
Tops Green Bar Computer Printout Paper,146.82,689
"Seth Thomas 14"" Putty-Colored Wall Clock",146.7,691
"Linden 10"" Round Wall Clock, Black",146.688,692
Sony 32GB Class 10 Micro SDHC R40 Memory Card,146.65,693
"Deflect-o SuperTray Unbreakable Stackable Tray, Letter, Black",145.9,694
Avery 473,144.9,695
SAFCO Optional Arm Kit for Workspace Cribbage Stacking Chair,143.856,696
Eldon Shelf Savers Cubes and Bins,143.788,697
Xerox 1886,143.7,698
Xerox 1911,143.7,698
First Data TMFD35 PIN Pad,142.8,700
"36X48 HARDFLOOR CHAIRMAT",142.664,701
"Metal Folding Chairs, Beige, 4/Carton",142.548,702
Storex Dura Pro Binders,141.96599,703
"Tenex Carpeted, Granite-Look or Clear Contemporary Contour Shape Chair Mats",141.42,704
Wilson Jones Legal Size Ring Binders,140.73601,705
Samsung HM1900 Bluetooth Headset,140.48001,706
Clear Mylar Reinforcing Strips,140.175,707
Anker Astro 15000mAh USB Portable Charger,139.972,708
"Premium Transparent Presentation Covers, No Pattern/Clear, 8 1/2"" x 11""",139.608,709
Luxo Economy Swing Arm Lamp,139.58,710
Staple-based wall hangings,138.92,711
"Letter/Legal File Tote with Clear Snap-On Lid, Black Granite",138.116,712
Belkin F8E887 USB Wired Ergonomic Keyboard,137.95401,713
i.Sound Portable Power - 8000 mAh,137.774,714
DAX Two-Tone Silver Metal Document Frame,137.63199,715
DAX Wood Document Frame,137.29999,716
Xerox 1951,136.312,717
PayAnywhere Card Reader,135.864,718
"Tennsco Lockers, Gray",134.272,719
"Iris 3-Drawer Stacking Bin, Black",133.696,720
"DAX Two-Tone Rosewood/Black Document Frame, Desktop, 5 x 7",132.72,721
Hanging Personal Folder File,131.88,722
I Need's 3d Hello Kitty Hybrid Silicone Case Cover for HTC One X 4g with 3d Hello Kitty Stylus Pen Green/pink,131.56,723
Hewlett-Packard 300S Scientific Calculator,131.1,724
Fellowes Binding Cases,131.04,725
"Premier Elliptical Ring Binder, Black",130.892,726
Personal File Boxes with Fold-Down Carry Handle,130.87201,727
"Wirebound Message Book, 4 per Page",130.31999,728
Eldon Advantage Chair Mats for Low to Medium Pile Carpets,129.93,729
"Computer Room Manger, 14""",129.92,730
"Seth Thomas 16"" Steel Case Clock",129.92,730
Memorex Mini Travel Drive 8 GB USB 2.0 Flash Drive,129.696,732
"Eldon Delta Triangular Chair Mat, 52"" x 58"", Clear",128.962,733
"Tenex Traditional Chairmats for Hard Floors, Average Lip, 36"" x 48""",128.9,734
"Deflect-o DuraMat Lighweight, Studded, Beveled Mat for Low Pile Carpeting",127.95,735
DAX Wood Document Frame.,126.315994,736
"Square Credit Card Reader, 4 1/2"" x 4 1/2"" x 1"", White",125.87399,737
Fellowes 8 Outlet Superior Workstation Surge Protector,125.13,738
LG Exalt,124.792,739
Large Capacity Hanging Post Binders,124.75,740
"Holmes Replacement Filter for HEPA Air Cleaner, Medium Room",124.630005,741
"GBC Prepunched Paper, 19-Hole, for Binding Systems, 24-lb",124.58299,742
Deflect-o Glass Clear Studded Chair Mats,124.36,743
Alphabetical Labels for Top Tab Filing,124.32,744
"IBM Multi-Purpose Copy Paper, 8 1/2 x 11"", Case",123.92,745
"Square Ring Data Binders, Rigid 75 Pt. Covers, 11"" x 14-7/8""",123.84,746
Xerox 1991,123.336,747
Hand-Finished Solid Wood Document Frame,123.228,748
Xerox 1905,123.12001,749
Newell 345,123.007996,750
Euro Pro Shark Stick Mini Vacuum,121.96001,751
Xerox 1887,121.408,752
"Barricks 18"" x 48"" Non-Folding Utility Table with Bottom Storage Shelf",120.96,753
"Howard Miller 11-1/2"" Diameter Grantwood Wall Clock",120.76401,754
Advantus Rolling Storage Box,120.05,755
PureGear Roll-On Screen Protector,119.94,756
iOttie HLCRIO102 Car Mount,119.94,756
"Bush Saratoga Collection 5-Shelf Bookcase, Hanover Cherry, *Special Order",119.833,758
"Adams Telephone Message Book w/Frequently-Called Numbers Space, 400 Messages per Book",119.7,759
Memorex Micro Travel Drive 8 GB,119.6,760
LG Electronics Tone+ HBS-730 Bluetooth Headset,119.02,761
Acco Perma 2700 Stacking Storage Drawers,118.96,762
Xerox 4200 Series MultiUse Premium Copy Paper (20Lb. and 84 Bright),118.272,763
Boston Home & Office Model 2000 Electric Pencil Sharpeners,118.25,764
Eldon Mobile Mega Data Cart  Mega Stackable  Add-On Trays,118.25,764
Xerox 1996,117.936005,766
"Eldon 400 Class Desk Accessories, Black Carbon",117.25,767
White Computer Printout Paper by Universal,116.28,768
"Verbatim 25 GB 6x Blu-ray Single Layer Recordable Disc, 10/Pack",115.9,769
Jet-Pak Recycled Peel 'N' Seal Padded Mailers,114.848,770
Xerox 230,114.048004,771
Poly Designer Cover & Back,113.94,772
"Tenex V2T-RE Standard Weight Series Chair Mat, 45"" x 53"", Lip 25"" x 12""",113.568,773
Imation Clip USB flash drive - 8 GB,112.8,774
"Executive Impressions 14"" Contract Wall Clock",111.149994,775
"Vinyl Coated Wire Paper Clips in Organizer Box, 800/Box",110.20799,776
"Adams Telephone Message Book W/Dividers/Space For Phone Numbers, 5 1/4""X8 1/2"", 200/Messages",110.192,777
"C-Line Cubicle Keepers Polyproplyene Holder w/Velcro Back, 8-1/2x11, 25/Bx",109.48,778
Avery Metallic Poly Binders,109.44301,779
Avery Recycled Flexi-View Covers for Binding Systems,109.004005,780
"Tenex File Box, Personal Filing Tote with Lid, Black",108.57,781
"Acco Data Flex Cable Posts For Top & Bottom Load Binders, 6"" Capacity",108.472,782
KeyTronic E03601U1 - Keyboard - Beige,108.0,783
GBC Standard Therm-A-Bind Covers,107.156,784
"GBC White Gloss Covers, Plain Front",107.15199,785
Aluminum Screw Posts,106.81999,786
Staple remover,105.824005,787
AT&T SB67148 SynJ,105.584,788
"Recycled Interoffice Envelopes with String and Button Closure, 10 x 13",105.556,789
Avery Printable Repositionable Plastic Tabs,104.920006,790
Plantronics Cordless Phone Headset with In-line Volume - M214C,104.85,791
Quality Park Security Envelopes,104.68,792
Newell 309,103.95,793
Surelock Post Binders,103.904,794
GBC Imprintable Covers,103.212,795
Sony 16GB Class 10 Micro SDHC R40 Memory Card,103.12,796
DXL Angle-View Binders with Locking Rings by Samsill,102.543,797
Newell 312,101.616,798
"Executive Impressions 13"" Chairman Wall Clock",101.52,799
"Tenex Personal Self-Stacking Standard File Box, Black/Gray",101.46001,800
BIC Liqua Brite Liner,101.324,801
Holmes Odor Grabber,100.94,802
"#10- 4 1/8"" x 9 1/2"" Security-Tint Envelopes",100.848,803
Avery Legal 4-Ring Binder,100.704,804
Eldon ProFile File 'N Store Portable File Tub Letter/Legal Size Black,100.412,805
Southworth 25% Cotton Premium Laser Paper and Envelopes,99.9,806
"XtraLife ClearVue Slant-D Ring Binder, White, 3""",99.824,807
"Acco Smartsocket Table Surge Protector, 6 Color-Coded Adapter Outlets",99.28,808
Seidio BD2-HK3IPH5-BK DILEX Case and Holster Combo for Apple iPhone 5/5s - Black,99.232,809
Newell 334,99.2,810
Xerox 1943,97.82,811
Xerox 209,97.2,812
GBC Instant Report Kit,97.05,813
Eldon Simplefile Box Office,97.032,814
"REDIFORM Incoming/Outgoing Call Register, 11"" X 8 1/2"", 100 Messages",96.744,815
Deluxe Heavy-Duty Vinyl Round Ring Binder,96.26401,816
Logitech Wireless Anywhere Mouse MX for PC and Mac,95.984,817
"Westinghouse Floor Lamp with Metal Mesh Shade, Black",95.96,818
Xerox 1930,95.90401,819
Xerox 203,95.904,820
Xerox 1936,95.904,820
"Executive Impressions 14"" Two-Color Numerals Wall Clock",95.424,822
Advantus Plastic Paper Clips,94.0,823
"Eldon Expressions Punched Metal & Wood Desk Accessories, Black & Cherry",93.8,824
Cardinal EasyOpen D-Ring Binders,93.228,825
Xerox 1960,92.94,826
"Verbatim 25 GB 6x Blu-ray Single Layer Recordable Disc, 25/Pack",91.96,827
Personal Creations Ink Jet Cards and Labels,91.84,828
Xerox 1955,91.36,829
"Xerox Color Copier Paper, 11"" x 17"", Ream",91.36,829
Dixon Ticonderoga Core-Lock Colored Pencils,91.1,831
Gear Head AU3700S Headset,90.93,832
AT&T 17929 Lendline Telephone,90.48,833
Martin-Yale Premier Letter Opener,90.16,834
"Sanford Prismacolor Professional Thick Lead Art Pencils, 36-Color Set",89.856,835
"Adams Phone Message Book, 200 Message Capacity, 8 1/16” x 11”",89.44,836
Xerox 220,89.423996,837
"#10- 4 1/8"" x 9 1/2"" Recycled Envelopes",89.147995,838
SanDisk Ultra 16 GB MicroSDHC Class 10 Memory Card,88.332,839
"Avery Trapezoid Extra Heavy Duty 4"" Binders",88.074,840
"DAX Executive Solid Wood Document Frame, Desktop or Hang, Mahogany, 5 x 7",88.06,841
"Eldon 200 Class Desk Accessories, Smoke",87.92,842
Standard Line “While You Were Out” Hardbound Telephone Message Book,87.92,842
"Eberhard Faber 3 1/2"" Golf Pencils",87.79201,844
"TOPS Carbonless Receipt Book, Four 2-3/4 x 7-1/4 Money Receipts per Page",87.6,845
Acme Forged Steel Scissors with Black Enamel Handles,87.514,846
"Ampad Phone Message Book, Recycled, 400 Message Capacity, 5 ¾” x 11”",87.36,847
Holmes HEPA Air Purifier,87.119995,848
"Tyvek  Top-Opening Peel & Seel Envelopes, Plain White",86.976,849
AT&T CL82213,86.97,850
Xerox 1997,86.832,851
Acme Tagit Stainless Steel Antibacterial Scissors,85.14,852
O'Sullivan Cherrywood Estates Traditional Bookcase,84.98,853
SANFORD Major Accent Highlighters,84.96001,854
"#10 White Business Envelopes,4 1/8 x 9 1/2",84.618,855
Acco Perma 3000 Stacking Storage Drawers,83.92,856
Xerox 1947,83.72,857
Ibico Standard Transparent Covers,82.4,858
"C-Line Magnetic Cubicle Keepers, Clear Polypropylene",82.004005,859
"Contico 72""H Heavy-Duty Storage System",81.96,860
Xerox 1894,81.647995,861
Fellowes Mighty 8 Compact Surge Protector,81.08,862
Advantus Panel Wall Certificate Holder - 8.5x11,80.520004,863
"Blue String-Tie & Button Interoffice Envelopes, 10 x 13",79.96,864
Acco 3-Hole Punch,79.716,865
Fellowes Advanced Computer Series Surge Protectors,79.47,866
Xerox 188,79.380005,867
"Ultra Door Kickplate, 8""H x 34""W",79.12,868
"Wilson Jones Clip & Carry Folder Binder Tool for Ring Binders, Clear",78.88,869
Newell 347,78.752,870
Avery 478,78.56,871
Crate-A-Files,78.479996,872
Newell 325,78.47,873
Tensor Brushed Steel Torchiere Floor Lamp,78.154,874
Fellowes Neat Ideas Storage Cubes,77.952,875
PowerGen Dual USB Car Charger,77.922,876
Bulldog Table or Wall-Mount Pencil Sharpener,77.869995,877
"Floodlight Indoor Halogen Bulbs, 1 Bulb per Pack, 60 Watts",77.6,878
Acco D-Ring Binder w/DublLock,76.968,879
Fiskars Softgrip Scissors,76.86,880
"White Business Envelopes with Contemporary Seam, Recycled White Business Envelopes",76.58,881
"GBC Standard Recycled Report Covers, Clear Plastic Sheets",76.538,882
"Cardinal Slant-D Ring Binder, Heavy Gauge Vinyl",76.472,883
"LF Elite 3D Dazzle Designer Hard Case Cover, Lf Stylus Pen and Wiper For Apple Iphone 5c Mini Lite",76.3,884
Avery 485,75.18,885
Super Decoflex Portable Personal File,74.899994,886
Harmony HEPA Quiet Air Purifiers,74.88,887
Lumber Crayons,74.86,888
Cardinal Slant-D Ring Binders,74.734,889
Xerox 1925,74.352,890
Astroparche Fine Business Paper,73.92,891
"Master Big Foot Doorstop, Beige",73.92,891
Xerox 1933,73.68,893
GBC Poly Designer Binding Covers,73.656,894
"Avery Hi-Liter EverBold Pen Style Fluorescent Highlighters, 4/Pack",73.26,895
DAX Clear Channel Poster Frame,72.9,896
Acco 6 Outlet Guardian Premium Surge Suppressor,72.8,897
Telescoping Adjustable Floor Lamp,71.964,898
Model L Table or Wall-Mount Pencil Sharpener,71.96,899
Belkin iPhone and iPad Lightning Cable,71.952,900
"BOSTON Model 1800 Electric Pencil Sharpeners, Putty/Woodgrain",71.92,901
Avery Non-Stick Binders,71.84,902
Avery 48,71.82,903
Dax Clear Box Frame,71.586,904
Belkin F9S820V06 8 Outlet Surge,71.456,905
Coloredge Poster Frame,71.0,906
"Executive Impressions 12"" Wall Clock",70.68,907
"Wirebound Message Books, Four 2 3/4 x 5 Forms per Page, 200 Sets per Book",70.596,908
"Manila Recycled Extra-Heavyweight Clasp Envelopes, 6"" x 9""",70.272,909
Cyber Acoustics AC-202b Speech Recognition Stereo Headset,70.146,910
"Acme Hot Forged Carbon Steel Scissors with Nickel-Plated Handles, 3 7/8"" Cut, 8""L",69.5,911
"Eldon 200 Class Desk Accessories, Burgundy",69.08,912
Ibico Covers for Plastic or Wire Binding Elements,69.0,913
Boston KS Multi-Size Manual Pencil Sharpener,68.97,914
"Eldon Expressions Desk Accessory, Wood Photo Frame, Mahogany",68.544,915
Fluorescent Highlighters by Dixon,68.456,916
Xerox 1992,68.172,917
QVS USB Car Charger 2-Port 2.1Amp for iPod/iPhone/iPad/iPad 2/iPad 3,68.11,918
Panasonic KX TS3282W Corded phone,67.992,919
"Tenex Personal Project File with Scoop Front Design, Black",67.4,920
Xerox 231,67.392,921
"Angle-D Binders with Locking Rings, Label Holders",67.16,922
"iKross Bluetooth Portable Keyboard + Cell Phone Stand Holder + Brush for Apple iPhone 5S 5C 5, 4S 4",67.04,923
Rogers Profile Extra Capacity Storage Tub,66.96,924
Eldon Cleatmat Chair Mats for Medium Pile Carpets,66.600006,925
Avery Durable Poly Binders,66.36,926
Eureka Sanitaire  Commercial Upright,66.284,927
Xerox 225,66.096,928
Eldon Executive Woodline II Cherry Finish Desk Accessories,65.424,929
"4009 Highlighters by Sanford",65.272,930
Xerox 23,64.8,931
"BIC Brite Liner Highlighters, Chisel Tip",64.8,931
Things To Do Today Pad,64.57,933
Avery Hole Reinforcements,64.169,934
Boston 1730 StandUp Electric Pencil Sharpener,64.14,935
Globe Weis Peel & Seel First Class Envelopes,63.9,936
"3M Organizer Strips",63.72,937
"Wirebound Message Books, 2 7/8"" x 5"", 3 Forms per Page",63.36,938
Things To Do Today Spiral Book,63.36,938
"#10-4 1/8"" x 9 1/2"" Premium Diagonal Seam Envelopes",62.96,940
Avery 519,62.865997,941
Artistic Insta-Plaque,62.72,942
Round Specialty Laser Printer Labels,62.65,943
"Post-it “Important Message” Note Pad, Neon Colors, 50 Sheets/Pad",62.607998,944
Xerox 1931,62.208,945
"Personal Filing Tote with Lid, Black/Gray",62.04,946
Advantus Rolling Drawer Organizers,61.568,947
Cisco Small Business SPA 502G VoIP phone,61.542,948
Xerox 1881,61.399998,949
Newell 314,61.38,950
GBC Recycled VeloBinder Covers,61.344,951
"Avery Durable Slant Ring Binders, No Labels",61.292,952
Pressboard Hanging Data Binders for Unburst Sheets,61.008,953
Ibico Plastic and Wire Spiral Binding Combs,60.696,954
Sanford Liquid Accent Highlighters,60.12,955
Micro Innovations Wireless Classic Keyboard with Mouse,59.98,956
Anker Ultra-Slim Mini Bluetooth 3.0 Wireless Keyboard,59.97,957
"24-Hour Round Wall Clock",59.94,958
"Eureka Sanitaire  Multi-Pro Heavy-Duty Upright, Disposable Bags",59.432,959
"Acco Recycled 2"" Capacity Laser Printer Hanging Data Binders",59.245003,960
"Holmes Replacement Filter for HEPA Air Cleaner, Large Room",59.24,961
Belkin 7-Outlet SurgeMaster Home Series,58.674,962
Self-Adhesive Address Labels for Typewriters by Universal,58.48,963
Weyerhaeuser First Choice Laser/Copy Paper (20Lb. and 88 Bright),58.32,964
Xerox 214,58.32,964
Eldon 200 Class Desk Accessories,57.776,966
"Eldon Expressions Wood Desk Accessories, Oak",57.564,967
Macally Suction Cup Mount,57.36,968
Xerox 2,57.024002,969
Acme Preferred Stainless Steel Scissors,56.8,970
Xerox 1880,56.704,971
"DAX Metal Frame, Desktop, Stepped-Edge",56.671997,972
"Westinghouse Mesh Shade Clip-On Gooseneck Lamp, Black",56.56,973
"TOPS Money Receipt Book, Consecutively Numbered in Red,",56.07,974
ClearSounds CSC500 Amplified Spirit Phone Corded phone,55.992,975
Apple EarPods with Remote and Mic,55.98,976
"Pressboard Covers with Storage Hooks, 9 1/2"" x 11"", Light Blue",55.974003,977
Sony Micro Vault Click 4 GB USB 2.0 Flash Drive,55.76,978
Xerox 227,55.728,979
Security-Tint Envelopes,55.008,980
Wilson Jones Leather-Like Binders with DublLock Round Rings,54.999,981
"Mead 1st Gear 2"" Zipper Binder, Asst. Colors",54.474003,982
"Southworth 100% Résumé Paper, 24lb.",54.46,983
Lenovo 17-Key USB Numeric Keypad,54.384,984
"GBC Pre-Punched Binding Paper, Plastic, White, 8-1/2"" x 11""",54.365997,985
"Rogers Jumbo File, Granite",54.32,986
Xerox 1895,53.82,987
Self-Adhesive Removable Labels,53.55,988
"Wirebound Message Books, Four 2 3/4 x 5 White Forms per Page",53.52,989
File Shuttle I and Handi-File,53.424,990
Xerox 221,53.136,991
"Adams Telephone Message Book W/Dividers/Space For Phone Numbers, 5 1/4""X8 1/2"", 300/Messages",52.92,992
Wilson Jones Four-Pocket Poly Binders,52.32,993
"Advantus Push Pins, Aluminum Head",52.29,994
Xerox 226,51.84,995
"Acco Six-Outlet Power Strip, 4' Cord Length",51.72,996
"Speediset Carbonless Redi-Letter 7"" x 8 1/2""",51.55,997
"Quartet Omega Colored Chalk, 12/Pack",51.392,998
Trimflex Flexible Post Binders,51.312,999
Nu-Dell Oak Frame,51.264,1000
"ACCOHIDE 3-Ring Binder, Blue, 1""",51.211998,1001
Xerox 1924,50.864,1002
"Telephone Message Books with Fax/Mobile Section, 5 1/2"" x 3 3/16""",50.8,1003
Avery 495,50.4,1004
Avery 518,50.4,1004
Micro Innovations USB RF Wireless Keyboard with Mouse,50.0,1006
"2300 Heavy-Duty Transfer File Systems by Perma",49.96,1007
GBC Wire Binding Combs,49.632,1008
Xerox 1907,49.12,1009
Plymouth Boxed Rubber Bands by Plymouth,48.984,1010
Southworth 25% Cotton Linen-Finish Paper & Envelopes,48.924,1011
"Eldon Expressions Wood and Plastic Desk Accessories, Cherry Wood",48.86,1012
Wilson Jones Impact Binders,48.691998,1013
Fashion Color Clasp Envelopes,48.69,1014
Avery 511,48.663998,1015
Acme Elite Stainless Steel Scissors,48.372,1016
Storex DuraTech Recycled Plastic Frosted Binders,48.336,1017
"Wirebound Message Books, Four 2 3/4"" x 5"" Forms per Page, 600 Sets per Book",48.204002,1018
Prestige Round Ring Binders,48.032,1019
Tenex Chairmats For Use With Carpeted Floors,47.94,1020
Xerox 1927,47.936,1021
Microsoft Natural Keyboard Elite,47.904,1022
"Acco Four Pocket Poly Ring Binder with Label Holder, Smoke, 1""",47.68,1023
DAX Black Cherry Wood-Tone Poster Frame,47.664,1024
"Acco Pressboard Covers with Storage Hooks, 14 7/8"" x 11"", Dark Blue",47.625,1025
Newell 319,47.615997,1026
#6 3/4 Gummed Flap White Envelopes,47.52,1027
"Elite 5"" Scissors",47.32,1028
"Cardinal HOLDit! Binder Insert Strips,Extra Strips",46.842,1029
Xerox 1898,46.760002,1030
Xerox 1998,46.656,1031
Decoflex Hanging Personal Folder File,46.26,1032
Deluxe Chalkboard Eraser Cleaner,46.2,1033
Avery File Folder Labels,46.08,1034
"Eldon Image Series Desk Accessories, Burgundy",45.979996,1035
Eldon 500 Class Desk Accessories,45.865997,1036
Ibico Presentation Index for Binding Systems,45.769997,1037
Xerox 195,45.424004,1038
Contemporary Wood/Metal Frame,45.248,1039
Belkin F9H710-06 7 Outlet SurgeMaster Surge Protector,45.216,1040
"Boston Electric Pencil Sharpener, Model 1818, Charcoal Black",45.04,1041
"Ink Jet Note and Greeting Cards, 8-1/2"" x 5-1/2"" Card Size",44.96,1042
"Recycled Desk Saver Line ""While You Were Out"" Book, 5 1/2"" X 4""",44.75,1043
GBC Instant Index System for Binding Systems,44.4,1044
Avery 490,44.4,1044
Xerox 194,44.384,1046
OtterBox Defender Series Case - iPhone 5c,44.376,1047
"Ampad Gold Fibre Wirebound Steno Books, 6"" x 9"", Gregg Ruled",44.1,1048
Xerox 1977,44.088,1049
Samsung Replacement EH64AVFWE Premium Headset,44.0,1050
Panasonic KP-4ABK Battery-Operated Pencil Sharpener,43.92,1051
Avery 500,43.86,1052
Newell 311,43.758,1053
Belkin 6 Outlet Metallic Surge Strip,43.559998,1054
HP Standard 104 key PS/2 Keyboard,43.5,1055
Wilson Jones Turn Tabs Binder Tool for Ring Binders,43.38,1056
GBC Linen Binding Covers,43.372,1057
Desktop 3-Pocket Hot File,43.28,1058
"Universal Recycled Hanging Pressboard Report Binders, Letter Size",43.19,1059
Stackable Trays,43.119995,1060
SpineVue Locking Slant-D Ring Binders by Cardinal,42.958,1061
"DAX Cubicle Frames, 8-1/2 x 11",42.85,1062
Xerox 201,42.768,1063
Xerox 213,42.768,1063
Laser & Ink Jet Business Envelopes,42.68,1065
Avery Durable Binders,42.624004,1066
Zebra Zazzle Fluorescent Highlighters,42.559998,1067
Acme Titanium Bonded Scissors,42.5,1068
Newell 318,42.256,1069
"Crayola Anti Dust Chalk, 12/Pack",42.224,1070
"6"" Cubicle Wall Clock, Black",42.068,1071
"Avery Framed View Binder, EZD Ring (Locking), Navy, 1 1/2""",41.915997,1072
"Dixon Ticonderoga Erasable Colored Pencil Set, 12-Color",41.86,1073
Xerox 1975,41.472,1074
Xerox 1966,41.472,1074
Xerox 211,41.472,1074
"It's Hot Message Books with Stickers, 2 3/4"" x 5""",41.440002,1077
Avery 503,41.4,1078
ACCOHIDE Binder by Acco,41.300003,1079
"Wirebound Four 2-3/4 x 5 Forms per Page, 400 Sets per Book",41.28,1080
Acco Translucent Poly Ring Binders,41.184,1081
Newell 336,41.088,1082
Avery 517,40.590004,1083
Boston 19500 Mighty Mite Electric Pencil Sharpener,40.3,1084
Fellowes Desktop Hanging File Manager,40.29,1085
Xerox 222,40.176003,1086
Kensington SlimBlade Notebook Wireless Mouse with Nano Receiver,39.992,1087
OtterBox Commuter Series Case - Samsung Galaxy S4,39.984,1088
Xerox 1948,39.96,1089
JM Magazine Binder,39.624,1090
"GBC Twin Loop Wire Binding Elements, 9/16"" Spine, Black",39.572,1091
Avery 486,39.474,1092
Recycled Eldon Regeneration Jumbo File,39.296,1093
DAX Solid Wood Frames,39.08,1094
Acme Softgrip Scissors,39.072,1095
BIC Brite Liner Highlighters,38.916,1096
Xerox 212,38.88,1097
"TOPS ""Important Message"" Pads, Canary, 4-1/4 x 5-1/2, 50 Sheets per Pad",38.52,1098
Newell 350,38.048,1099
Computer Printout Paper with Letter-Trim Perforations,37.94,1100
Xerox 1912,37.94,1100
Fellowes Black Plastic Comb Bindings,37.765,1102
Col-Erase Pencils with Erasers,37.696,1103
"Acco PRESSTEX Data Binder with Storage Hooks, Dark Blue, 14 7/8"" X 11""",37.66,1104
Spiral Phone Message Books with Labels by Adams,37.632,1105
Avery 50,37.59,1106
OIC Stacking Trays,37.408,1107
HP Office Recycled Paper (20Lb. and 87 Bright),36.992,1108
Sterilite Show Offs Storage Containers,36.96,1109
"Rediform Wirebound ""Phone Memo"" Message Book, 11 x 5-3/4",36.672,1110
"Eldon Stackable Tray, Side-Load, Legal, Smoke",36.56,1111
Xerox 216,36.288002,1112
Xerox 22,36.288,1113
KeyTronic KT800P2 - Keyboard - Black,36.048,1114
"Wirebound Message Forms, Four 2 3/4 x 5 Forms per Page, Pink Paper",35.947998,1115
Cardinal Holdit Business Card Pockets,35.856,1116
"OIC Colored Binder Clips, Assorted Sizes",35.8,1117
Plastic Stacking Crates & Casters,35.712,1118
"Master Caster Door Stop, Brown",35.56,1119
Belkin OmniView SE Rackmount Kit,35.48,1120
Zipper Ring Binder Pockets,35.256,1121
Anker 24W Portable Micro USB Car Charger,35.168,1122
"Dixon My First Ticonderoga Pencil, #2",35.1,1123
Bionaire 99.97% HEPA Air Cleaner,35.04,1124
Newell 328,35.04,1124
"Verbatim 25 GB 6x Blu-ray Single Layer Recordable Disc, 3/Pack",34.95,1126
Hoover Portapower Portable Vacuum,34.944,1127
Avery 499,34.86,1128
"Verbatim Slim CD and DVD Storage Cases, 50/Pack",34.62,1129
Newell 33,34.596,1130
Panasonic KP-350BK Electric Pencil Sharpener with Auto Stop,34.58,1131
Ibico Recycled Grain-Textured Covers,34.54,1132
"Fiskars 8"" Scissors, 2/Pack",34.48,1133
Acme Office Executive Series Stainless Steel Trimmers,34.28,1134
Xerox 1962,34.24,1135
Xerox 1980,34.24,1135
"3M Hangers With Command Adhesive",34.04,1137
Heavy-Duty E-Z-D Binders,33.821,1138
"DXL Angle-View Binders with Locking Rings, Black",33.544,1139
"Telephone Message Books with Fax/Mobile Section, 4 1/4"" x 6""",33.120003,1140
"Message Book, Wirebound, Four 5 1/2"" X 4"" Forms/Pg., 200 Dupl. Sets/Book",32.896,1141
Dana Halogen Swing-Arm Architect Lamp,32.776,1142
Sanford 52201 APSCO Electric Pencil Sharpener,32.776,1142
GBC Standard Plastic Binding Systems' Combs,32.656002,1144
"Master Caster Door Stop, Gray",32.512,1145
Acco Perma 4000 Stacking Storage Drawers,32.48,1146
Colored Envelopes,32.472,1147
Xerox 1993,32.4,1148
Xerox 217,32.4,1148
Xerox 228,32.4,1148
Avery 474,32.256,1151
OIC Binder Clips,32.22,1152
"Fellowes Twister Kit, Gray/Clear, 3/pkg",32.16,1153
"Wirebound Message Books, 5-1/2 x 4 Forms, 2 or 4 Forms per Page",32.112,1154
Anker Astro Mini 3000mAh Ultra-Compact Portable Charger,31.984,1155
Square Credit Card Reader,31.968,1156
Xerox 1897,31.872,1157
Westinghouse Clip-On Gooseneck Lamps,31.806,1158
Memorex Micro Travel Drive 4 GB,31.8,1159
Newell 35,31.488,1160
Array Memo Cubes,31.08,1161
"Tenex Personal Filing Tote With Secure Closure Lid, Black/Frost",31.02,1162
GBC Plasticlear Binding Covers,30.996,1163
Acme Box Cutter Scissors,30.69,1164
"Acco PRESSTEX Data Binder with Storage Hooks, Light Blue, 9 1/2"" X 11""",30.666,1165
"C-Line Peel & Stick Add-On Filing Pockets, 8-3/4 x 5-1/8, 10/Pack",30.576,1166
"Wirebound Message Books, Two 4 1/4"" x 5"" Forms per Page",30.44,1167
Avery Hi-Liter Smear-Safe Highlighters,30.368,1168
Smead Alpha-Z Color-Coded Name Labels First Letter Starter Set,30.0,1169
Newell 330,29.9,1170
Akro-Mils 12-Gallon Tote,29.79,1171
Avery 481,29.567999,1172
Newell 349,29.519999,1173
Wilson Jones International Size A4 Ring Binders,29.41,1174
Pencil and Crayon Sharpener,29.346,1175
Aluminum Document Frame,29.328,1176
G.E. Longer-Life Indoor Recessed Floodlight Bulbs,29.216,1177
GBC Standard Plastic Binding Systems Combs,29.205,1178
KLD Oscar II Style Snap-on Ultra Thin Side Flip Synthetic Leather Cover Case for HTC One HTC M7,29.16,1179
"Master Caster Door Stop, Large Neon Orange",29.12,1180
Avery 506,28.91,1181
Crayola Colored Pencils,28.863998,1182
DAX Cubicle Frames - 8x10,28.849998,1183
Prang Colored Pencils,28.812,1184
Permanent Self-Adhesive File Folder Labels for Typewriters by Universal,28.71,1185
Speck Products Candyshell Flip Case,27.992,1186
Angle-D Ring Binders,27.897001,1187
Xerox 1949,27.888,1188
"Binney & Smith Crayola Metallic Colored Pencils, 8-Color Set",27.78,1189
Avoid Verbal Orders Carbonless Minifold Book,27.716,1190
"Acco Pressboard Covers with Storage Hooks, 9 1/2"" x 11"", Executive Red",27.432,1191
Manco Dry-Lighter Erasable Highlighter,27.36,1192
Sony 8GB Class 10 Micro SDHC R40 Memory Card,27.192,1193
"Important Message Pads, 50 4-1/4 x 5-1/2 Forms per Pad",26.88,1194
Avery Fluorescent Highlighter Four-Color Set,26.720001,1195
Xerox 1959,26.72,1196
"Executive Impressions 16-1/2"" Circular Wall Clock",26.72,1196
HP Office Paper (20Lb. and 87 Bright),26.72,1196
Economy Binders,26.624,1199
Acme Kleencut Forged Steel Scissors,26.404,1200
Xerox 1963,26.4,1201
Great White Multi-Use Recycled Paper (20Lb. and 84 Bright),26.312,1202
Rogers Handheld Barrel Pencil Sharpener,26.304,1203
Avery 480,26.25,1204
"Message Book, Phone, Wirebound Standard Line Memo, 2 3/4"" X 5""",26.2,1205
Prang Drawing Pencil Set,26.132,1206
Avery 498,26.01,1207
Xerox 21,25.92,1208
Xerox 210,25.92,1208
Xerox 192,25.92,1208
Avery 483,25.896,1211
Avery Self-Adhesive Photo Pockets for Polaroid Photos,25.878,1212
Contemporary Borderless Frame,25.83,1213
"Binney & Smith inkTank Desk Highlighter, Chisel Tip, Yellow, 12/Box",25.8,1214
Cush Cases Heavy Duty Rugged Cover Case for Samsung Galaxy S5 - Purple,25.74,1215
Newell Chalk Holder,25.605999,1216
Avery 512,25.432,1217
"""While you Were Out"" Message Book, One Form per Page",25.228,1218
Fiskars Spring-Action Scissors,25.164,1219
"DAX Copper Panel Document Frame, 5 x 7 Size",25.16,1220
"Stacking Tray, Side-Loading, Legal, Smoke",25.088001,1221
Avery 515,25.06,1222
"Avery 3 1/2"" Diskette Storage Pages, 10/Pack",25.056,1223
Document Clip Frames,25.02,1224
Acco Suede Grain Vinyl Round Ring Binder,25.019999,1225
Newell 310,24.992,1226
Barrel Sharpener,24.99,1227
Xerox 1970,24.9,1228
Avery 489,24.84,1229
Wilson Jones Easy Flow II Sheet Lifters,24.84,1229
Longer-Life Soft White Bulbs,24.64,1231
Convenience Packs of Business Envelopes,24.616,1232
Newell 344,24.464,1233
Anderson Hickey Conga Table Tops & Accessories,24.368,1234
Acco 6 Outlet Guardian Standard Surge Suppressor,24.18,1235
Binder Posts,24.108,1236
Mediabridge Sport Armband iPhone 5s,23.976,1237
Letter or Legal Size Expandable Poly String Tie Envelopes,23.94,1238
Xerox 1956,23.92,1239
Avery Durable Slant Ring Binders,23.759998,1240
Avery 501,23.616,1241
Boston 16765 Mini Stand Up Battery Pencil Sharpener,23.32,1242
Insertable Tab Post Binder Dividers,23.258,1243
Xerox 1978,23.12,1244
Newell 320,23.112,1245
Newell 324,23.1,1246
"Acco Pressboard Covers with Storage Hooks, 14 7/8"" x 11"", Light Blue",23.077002,1247
Newell 351,22.96,1248
Hammermill CopyPlus Copy Paper (20Lb. and 84 Bright),22.907999,1249
"Master Giant Foot Doorstop, Safety Yellow",22.77,1250
"Wilson Jones 1"" Hanging DublLock Ring Binders",22.704,1251
C-Line Cubicle Keepers Polyproplyene Holder With Velcro Backings,22.704,1251
OIC Bulk Pack Metal Binder Clips,22.336,1253
Newell 339,22.24,1254
"Executive Impressions 14""",22.23,1255
#10 Self-Seal White Envelopes,22.18,1256
Avery 52,22.14,1257
"Sanford Uni-Blazer View Highlighters, Chisel Tip, Yellow",22.0,1258
Wilson Jones Active Use Binders,21.84,1259
Acme Stainless Steel Office Snips,21.81,1260
"SlimView Poly Binder, 3/8""",21.756,1261
Avery 496,21.75,1262
Xerox 1953,21.400002,1263
Belkin F9G930V10-GRY 9 Outlet Surge,21.392,1264
Pressboard Data Binders by Wilson Jones,21.36,1265
"Redi-Strip #10 Envelopes, 4 1/8 x 9 1/2",21.24,1266
Newell 321,20.992,1267
Xerox 1899,20.808,1268
Xerox 205,20.736,1269
Xerox 2000,20.736,1269
Xerox 207,20.736,1269
Binder Clips by OIC,20.720001,1272
GBC Binding covers,20.72,1273
Self-Adhesive Address Labels for Typewriters with Dispenser Box,20.664,1274
Colorific Watercolor Pencils,20.64,1275
Sabrent 4-Port USB 2.0 Hub,20.37,1276
"Acco Banker's Clasps, 5 3/4""-Long",20.16,1277
Avery 49,20.16,1277
GBC ProClick Spines for 32-Hole Punch,20.048,1279
Advantus T-Pin Paper Clips,19.844002,1280
"Boston 1827 Commercial Additional Cutter, Drive Gear & Gear Rack for 1606",19.83,1281
"Eldon Image Series Desk Accessories, Ebony",19.76,1282
Wilson Jones “Snap” Scratch Pad Binder Tool for Ring Binders,19.720001,1283
Xerox 196,19.652,1284
Acco Glide Clips,19.6,1285
Newell 331,19.56,1286
Xerox 215,19.44,1287
Xerox 200,19.44,1287
Peel & Seel Envelopes,19.4,1289
"TOPS Voice Message Log Book, Flash Format",19.04,1290
Kingston Digital DataTraveler 8GB USB 2.0,19.04,1290
"TOPS 4 x 6 Fluorescent Color Memo Sheets, 500 Sheets per Pack",18.98,1292
"DAX Charcoal/Nickel-Tone Document Frame, 5 x 7",18.96,1293
Xerox 1971,18.832,1294
"Eldon Spacemaker Box, Quick-Snap Lid, Clear",18.703999,1295
"Executive Impressions 13-1/2"" Indoor/Outdoor Wall Clock",18.7,1296
"Super Bands, 12/Pack",18.6,1297
Prang Dustless Chalk Sticks,18.48,1298
Unpadded Memo Slips,18.307999,1299
Durable Pressboard Binders,18.24,1300
Plastic Binding Combs,18.18,1301
"Adams Write n' Stick Phone Message Book, 11"" X 5 1/4"", 200 Messages",18.176,1302
"Stride Job 150 Highlighters, Chisel Tip, Assorted Colors",17.94,1303
Xerox 1903,17.94,1303
"Verbatim 25 GB 6x Blu-ray Single Layer Recordable Disc, 1/Pack",17.88,1305
Shocksock Galaxy S4 Armband,17.52,1306
Stockwell Push Pins,17.439999,1307
Xerox 1923,17.368,1308
Magna Visual Magnetic Picture Hangers,17.352001,1309
Xerox 1987,17.34,1310
Accohide Poly Flexible Ring Binders,17.204,1311
Hoover Commercial Soft Guard Upright Vacuum And Disposable Filtration Bags,17.094,1312
Dana Swing-Arm Lamps,17.088,1313
Flexible Leather- Look Classic Collection Ring Binder,17.046001,1314
"Wilson Jones Hanging View Binder, White, 1""",17.04,1315
"Eldon Expressions Punched Metal & Wood Desk Accessories, Pewter & Cherry",17.024,1316
Brown Kraft Recycled Envelopes,16.98,1317
"OIC #2 Pencils, Medium Soft",16.92,1318
Xerox 1972,16.896,1319
Xerox 1901,16.896,1319
AmazonBasics 3-Button USB Wired Mouse,16.776,1321
Avery Binding System Hidden Tab Executive Style Index Sets,16.733,1322
Acrylic Self-Standing Desk Frames,16.554,1323
Avery 491,16.52,1324
American Pencil,16.31,1325
"50 Colored Long Pencils",16.256,1326
"RSVP Cards & Envelopes, Blank White, 8-1/2"" X 11"", 24 Cards/25 Envelopes/Set",16.256,1326
Riverleaf Stik-Withit Designer Note Cubes,16.096,1328
"Acco Pressboard Covers with Storage Hooks, 14 7/8"" x 11"", Executive Red",16.002,1329
Xerox 1921,15.984,1330
"Hoover Replacement Belts For Soft Guard & Commercial Ltweight Upright Vacs, 2/Pk",15.8,1331
BIC Brite Liner Grip Highlighters,15.744,1332
Eldon Image Series Black Desk Accessories,15.732,1333
"Adams ""While You Were Out"" Message Pads",15.7,1334
VariCap6 Expandable Binder,15.57,1335
Xerox 1967,15.552,1336
Xerox 1995,15.552,1336
"Eureka Recycled Copy Paper 8 1/2"" x 11"", Ream",15.552,1336
Xerox 206,15.552,1336
"Universal Ultra Bright White Copier/Laser Paper, 8 1/2"" x 11"", Ream",15.552,1336
Xerox 208,15.552,1336
DIXON Oriole Pencils,15.48,1342
"Quartet Alpha White Chalk, 12/Pack",15.47,1343
"White Envelopes, White Envelopes with Clear Poly Window",15.25,1344
Avery 513,14.94,1345
Color-Coded Legal Exhibit Labels,14.73,1346
"Sanford EarthWrite Recycled Pencils, Medium Soft, #2",14.7,1347
Newell 343,14.7,1347
Faber Castell Col-Erase Pencils,14.67,1349
Avery 514,14.4,1350
Wausau Papers Astrobrights Colored Envelopes,14.352,1351
"Seth Thomas 13 1/2"" Wall Clock",14.224,1352
"Acco Clips to Go Binder Clips, 24 Clips in Two Sizes",14.2,1353
Project Tote Personal File,14.03,1354
Acco Hot Clips Clips to Go,13.818,1355
Newell 3-Hole Punched Plastic Slotted Magazine Holders for Binders,13.71,1356
"Binney & Smith Crayola Metallic Crayons, 16-Color Pack",13.48,1357
Rosewill 107 Normal Keys USB Wired Standard Keyboard,13.48,1357
DIXON Ticonderoga Erasable Checking Pencils,13.392,1359
"GE General Purpose, Extra Long Life, Showcase & Floodlight Incandescent Bulbs",13.386,1360
Newell 327,13.26,1361
"Black Avery Memo-Size 3-Ring Binder, 5 1/2"" x 8 1/2""",13.212,1362
Newell 348,13.120001,1363
"Sanford Colorific Eraseable Coloring Pencils, 12 Count",13.12,1364
Disposable Triple-Filter Dust Bags,13.11,1365
"Avery Hi-Liter GlideStik Fluorescent Highlighter, Yellow Ink",13.04,1366
"Tensor ""Hersey Kiss"" Styled Floor Lamp",12.99,1367
Xerox 1999,12.96,1368
Xerox 1958,12.96,1368
Xerox 219,12.96,1368
Xerox 202,12.96,1368
Xerox 1946,12.96,1368
Xerox 1984,12.96,1368
Newell 323,12.768,1374
"BIC Brite Liner Grip Highlighters, Assorted, 5/Pack",12.72,1375
Xerox 1981,12.672,1376
Akro Stacking Bins,12.624,1377
Avery 476,12.39,1378
Nontoxic Chalk,12.32,1379
"Avery Triangle Shaped Sheet Lifters, Black, 2/Pack",12.3,1380
"GBC Clear Cover, 8-1/2 x 11, unpunched, 25 covers per pack",12.128,1381
"DAX Value U-Channel Document Frames, Easel Back",11.9279995,1382
GBC Plastic Binding Combs,11.808,1383
XtraLife ClearVue Slant-D Ring Binders by Cardinal,11.76,1384
Newell 332,11.76,1384
"Eldon Imàge Series Desk Accessories, Clear",11.664,1386
Xerox 1969,11.56,1387
Avery Personal Creations Heavyweight Cards,11.54,1388
GBC VeloBinder Strips,11.52,1389
Insertable Tab Indexes For Data Binders,11.448,1390
Avery Premier Heavy-Duty Binder with Round Locking Rings,11.424,1391
Wirebound Voice Message Log Book,11.424,1391
Rubber Band Ball,11.22,1393
"Personal Folder Holder, Ebony",11.21,1394
Newell 333,11.12,1395
"Avery Durable Plastic 1"" Binders",10.896,1396
Ideal Clamps,10.854,1397
Design Ebony Sketching Pencil,10.842,1398
Peel & Stick Add-On Corner Pockets,10.8,1399
GBC Personal VeloBind Strips,10.782,1400
"Premium Writing Pencils, Soft, #2 by Central Association for the Blind",10.728001,1401
Staple magnet,10.68,1402
Economy #2 Pencils,10.64,1403
Wilson Jones Standard D-Ring Binders,10.626,1404
Newell 326,10.559999,1405
Avery 492,10.368,1406
Xerox 218,10.368,1406
Xerox 1900,10.272,1408
Newell 307,10.192,1409
Avery Poly Binder Pockets,10.024,1410
"#10 Gummed Flap White Envelopes, 100/Box",9.912,1411
Avery 493,9.82,1412
Avery 508,9.82,1412
Ultra Door Push Plate,9.82,1412
Avery 510,9.75,1415
"Wirebound Service Call Books, 5 1/2"" x 4""",9.68,1416
"Adams Telephone Message Books, 5 1/4” x 11”",9.664,1417
Xerox 1950,9.248,1418
"Dixon Ticonderoga Maple Cedar Pencil, #2",9.21,1419
"Black Print Carbonless Snap-Off Rapid Letter, 8 1/2"" x 7""",9.11,1420
Imation Swivel Flash Drive USB flash drive - 8 GB,9.096,1421
"3-ring staple pack",9.024,1422
Ampad #10 Peel & Seel Holiday Envelopes,8.96,1423
Newell 338,8.82,1424
Regeneration Desk Collection,8.8,1425
Advantus Panel Wall Acrylic Frame,8.752,1426
"Ampad Evidence Wirebond Steno Books, 6"" x 9""",8.72,1427
Avery 482,8.67,1428
Newell 346,8.64,1429
Xerox 1928,8.448,1430
Alliance Rubber Bands,8.4,1431
"Avery 05222 Permanent Self-Adhesive File Folder Labels for Typewriters, on Rolls, White, 250/Roll",8.26,1432
Xerox 1989,7.968,1433
Translucent Push Pins by OIC,7.92,1434
Sannysis Cute Owl Design Soft Skin Case Cover for Samsung Galaxy S4,7.92,1434
Advantus Map Pennant Flags and Round Head Tacks,7.9,1436
Maxell CD-R Discs,7.88,1437
Avery 509,7.83,1438
"12 Colored Short Pencils",7.8,1439
"Executive Impressions 13"" Clairmont Wall Clock",7.692,1440
Acco Expandable Hanging Binders,7.656,1441
"Binney & Smith inkTank Erasable Desk Highlighter, Chisel Tip, Yellow, 12/Box",7.56,1442
Avery 487,7.38,1443
Acme Value Line Scissors,7.3,1444
Pastel Pink Envelopes,7.28,1445
G.E. Halogen Desk Lamp Bulbs,6.98,1446
Poly String Tie Envelopes,6.936,1447
"Sanford Colorific Colored Pencils, 12/Box",6.912,1448
Newell 341,6.848,1449
UniKeep View Case Binders,6.8459997,1450
Recycled Pressboard Report Cover with Reinforced Top Hinge,6.783,1451
Avery Reinforcements for Hole-Punch Pages,6.534,1452
Assorted Color Push Pins,6.516,1453
Blackstonian Pencils,6.408,1454
Presstex Flexible Ring Binders,6.37,1455
Avery 494,6.264,1456
Acme Kleen Earth Office Shears,6.208,1457
Smead Alpha-Z Color-Coded Second Alphabetical Labels and Starter Set,6.16,1458
"Brites Rubber Bands, 1 1/2 oz. Box",5.94,1459
Newell 317,5.88,1460
Avery 5,5.76,1461
Newell 335,5.76,1461
SANFORD Liquid Accent Tank-Style Highlighters,5.68,1463
Revere Boxed Rubber Bands by Revere,5.67,1464
Acco Side-Punched Conventional Columnar Pads,5.552,1465
"Commercial WindTunnel Clean Air Upright Vacuum, Replacement Belts, Filtration Bags",5.446,1466
Maxell 4.7GB DVD+R 5/Pack,5.3459997,1467
Newell 337,5.248,1468
"Bravo II Megaboss 12-Amp Hard Body Upright, Replacement Belts, 2 Belts per Pack",5.2,1469
Avery 502,5.04,1470
"OIC Binder Clips, Mini, 1/4"" Capacity, Black",4.96,1471
"Eldon 300 Class Desk Accessories, Black",4.95,1472
Wilson Jones data.warehouse D-Ring Binders with DublLock,4.938,1473
"Acco PRESSTEX Data Binder with Storage Hooks, Dark Blue, 9 1/2"" X 11""",4.842,1474
Woodgrain Magazine Files by Perma,4.768,1475
"Ampad Poly Cover Wirebound Steno Book, 6"" x 9"" Assorted Colors, Gregg Ruled",4.54,1476
Newell 322,4.368,1477
Advantus Push Pins,4.36,1478
"Dixon Prang Watercolor Pencils, 10-Color Set with Brush",4.26,1479
Stacking Trays by OIC,3.984,1480
Avery Binder Labels,3.89,1481
Tuff Stuff Recycled Round Ring Binders,3.856,1482
Xerox 199,3.424,1483
Kleencut Forged Office Shears by Acme United Corporation,3.328,1484
Sanford Pocket Accent Highlighters,3.2,1485
Storex Flexible Poly Binders with Double Pockets,3.168,1486
Avery 520,3.15,1487
Acco Economy Flexible Poly Round Ring Binder,3.132,1488
Bagged Rubber Bands,3.024,1489
"Eldon Regeneration Recycled Desk Accessories, Smoke",2.784,1490
Wilson Jones Suede Grain Vinyl Binders,2.78,1491
Cardinal Poly Pocket Divider Pockets for Ring Binders,2.688,1492
Hoover Replacement Belt for Commercial Guardsman Heavy-Duty Upright Vacuum,2.664,1493
Maxell 4.7GB DVD-R 5/Pack,2.574,1494
Avery Durable Slant Ring Binders With Label Holder,2.508,1495
Avery 497,2.464,1496
"Holmes Visible Mist Ultrasonic Humidifier with 2.3-Gallon Output per Day, Replacement Filter",2.264,1497
OIC Thumb-Tacks,1.824,1498
Colored Push Pins,1.81,1499
Avery Hidden Tab Dividers for Binding Systems,1.788,1500
Computer Printout Index Tabs,1.68,1501
Eureka Disposable Bags for Sanitaire Vibra Groomer I Upright Vac,1.624,1502
Self-Adhesive Ring Binder Labels,1.408,1503
Hoover Commercial Lightweight Upright Vacuum,1.392,1504
